datetime,Count_Predicted
05-06-2012 5:00,28.744001
19-03-2011 19:00,120.89764
02-04-2012 6:00,80.0587
13-07-2012 20:00,398.34235
09-11-2011 19:00,292.99066
10-03-2012 0:00,65.381874
19-05-2011 13:00,149.92596
01-05-2011 8:00,85.07814
07-07-2012 8:00,194.38397
07-05-2011 16:00,417.65408
09-04-2011 11:00,146.7306
16-06-2011 04:00,4.8628545
13-07-2012 22:00,258.01865
02-03-2012 14:00,210.6345
18-05-2012 15:00,360.88672
14-12-2011 22:00,103.37302
17-02-2012 19:00,288.90112
15-04-2012 18:00,455.45096
06-10-2012 23:00,158.00352
17-07-2012 00:00,43.414234
13-09-2012 11:00,249.71188
13-01-2012 07:00,223.12732
11-08-2012 8:00,172.68019
17-09-2011 08:00,107.89368
04-11-2011 11:00,148.09438
01-10-2011 11:00,137.16968
03-03-2011 12:00,74.83586
05-12-2012 19:00,400.50125
18-06-2012 23:00,75.39443
19-09-2012 18:00,819.89746
08-11-2011 19:00,319.00977
18-02-2011 13:00,159.59796
07-11-2011 10:00,91.55525
10-08-2011 14:00,171.58722
02-05-2012 0:00,50.596966
14-01-2011 14:00,62.4902
17-07-2011 01:00,89.88994
14-07-2011 15:00,183.44907
04-03-2011 3:00,2.0816162
18-12-2012 15:00,262.1957
14-12-2012 10:00,161.8574
14-05-2011 03:00,23.665646
19-03-2012 23:00,77.96316
08-01-2011 5:00,1.5575929
13-08-2011 06:00,24.49764
04-08-2011 2:00,7.0900593
03-02-2012 5:00,13.816624
16-12-2012 21:00,95.808
04-01-2011 9:00,97.4812
06-04-2011 1:00,6.080009
09-03-2012 11:00,176.77872
12-10-2012 20:00,297.23724
14-06-2011 20:00,296.83423
06-12-2012 2:00,5.2796574
03-12-2012 2:00,6.390328
10-07-2011 17:00,386.56357
09-01-2012 22:00,71.05891
10-01-2012 17:00,415.43076
07-08-2012 4:00,6.1181817
17-01-2011 04:00,2.0755298
03-05-2011 15:00,166.26308
08-04-2012 7:00,72.09925
04-07-2011 5:00,8.973039
13-01-2011 14:00,52.465015
18-08-2012 23:00,200.10301
11-12-2012 0:00,24.209532
11-03-2012 9:00,105.79955
18-03-2012 08:00,128.5575
06-12-2011 3:00,4.041175
05-11-2011 14:00,305.0432
10-10-2012 11:00,244.71828
02-11-2011 20:00,203.01343
18-07-2011 21:00,215.57983
09-03-2011 15:00,78.53016
10-12-2012 17:00,439.95486
02-01-2011 20:00,25.412668
01-10-2012 10:00,215.48753
17-07-2012 14:00,222.32603
07-03-2012 15:00,225.45482
09-02-2011 22:00,32.032837
16-01-2011 01:00,25.59496
19-02-2012 12:00,244.96774
09-02-2011 2:00,3.508565
06-09-2011 9:00,201.78024
11-06-2011 8:00,164.42732
08-02-2011 2:00,2.6670337
15-08-2012 14:00,258.85614
17-05-2011 12:00,106.43506
03-04-2012 18:00,752.6733
14-05-2011 07:00,33.3604
06-01-2011 8:00,183.05573
04-05-2011 22:00,112.35836
14-08-2011 18:00,344.92233
01-12-2012 18:00,278.9315
11-01-2011 17:00,127.26199
10-02-2011 17:00,174.88986
08-02-2011 23:00,17.331093
13-03-2011 04:00,4.36268
18-06-2012 15:00,255.30206
16-04-2012 18:00,565.5905
05-09-2011 10:00,255.93286
17-09-2012 05:00,42.448307
05-12-2011 19:00,301.00455
10-01-2011 1:00,3.1011915
08-05-2012 8:00,598.8656
08-07-2011 16:00,152.29723
06-09-2012 7:00,427.54068
06-11-2012 17:00,552.5974
05-03-2012 20:00,148.39093
01-10-2011 13:00,223.63222
17-04-2011 14:00,285.33112
18-08-2012 11:00,538.6788
03-09-2012 22:00,147.29042
13-03-2011 08:00,45.790245
12-05-2011 8:00,447.25656
10-10-2011 11:00,276.41458
11-04-2012 10:00,163.43341
15-05-2011 09:00,158.36224
06-10-2011 17:00,541.94293
12-06-2011 7:00,42.39431
15-04-2011 20:00,94.5369
05-04-2012 14:00,240.35825
13-04-2012 14:00,318.6005
10-05-2012 8:00,644.1854
02-02-2011 15:00,77.05192
09-03-2011 9:00,114.26501
19-05-2012 20:00,391.20572
11-07-2012 18:00,789.92487
18-04-2012 02:00,8.437988
19-09-2012 13:00,299.1972
04-11-2012 20:00,127.82135
15-12-2012 11:00,373.9895
08-04-2012 3:00,20.724634
11-09-2011 0:00,98.049446
16-12-2012 11:00,299.98038
03-03-2012 15:00,431.74512
03-11-2011 12:00,186.59026
15-01-2012 01:00,47.16245
07-10-2011 1:00,18.201025
07-11-2011 0:00,22.990475
04-03-2011 18:00,175.67917
14-03-2012 12:00,252.02234
11-05-2012 4:00,5.9091105
16-12-2012 07:00,48.539036
01-03-2011 11:00,65.73909
12-01-2012 5:00,10.671776
13-08-2011 21:00,141.03998
19-11-2012 01:00,10.454229
09-09-2012 12:00,610.02466
06-09-2011 16:00,64.58655
17-08-2012 14:00,327.58685
16-08-2011 07:00,290.5048
01-04-2011 6:00,24.925241
03-06-2012 17:00,522.7942
09-01-2012 17:00,171.69704
18-10-2012 04:00,7.423828
02-06-2012 21:00,277.11008
02-12-2011 17:00,429.5139
02-08-2012 14:00,259.8895
03-12-2011 5:00,4.252939
12-10-2012 19:00,422.1538
02-05-2012 17:00,709.7715
07-11-2012 14:00,193.4409
05-04-2012 3:00,4.5625057
03-06-2012 12:00,588.2716
01-04-2011 3:00,2.6070988
04-01-2011 5:00,5.231084
06-04-2012 3:00,7.999943
09-07-2012 18:00,767.73755
17-08-2012 22:00,129.06253
17-11-2012 14:00,492.66873
19-03-2012 21:00,250.84933
05-01-2012 15:00,156.84018
17-02-2011 03:00,3.6991882
13-04-2011 04:00,2.056336
18-11-2011 04:00,4.5663133
12-09-2011 6:00,105.298706
13-12-2011 08:00,364.95892
06-01-2011 21:00,46.533226
11-11-2011 18:00,268.01126
08-03-2012 16:00,323.15457
05-09-2012 18:00,725.6436
09-03-2011 9:00,116.45605
02-06-2011 9:00,216.86328
19-03-2012 14:00,228.79698
10-11-2012 2:00,59.905037
18-12-2012 21:00,185.38148
02-05-2011 4:00,7.76523
08-05-2011 4:00,9.682782
17-08-2012 01:00,37.43268
14-11-2011 23:00,74.8402
15-11-2011 05:00,22.286608
09-01-2012 23:00,28.772978
10-11-2012 5:00,9.335853
03-12-2011 14:00,283.59912
08-03-2011 14:00,85.680695
08-09-2012 15:00,240.05714
13-08-2012 09:00,321.06967
04-05-2011 6:00,26.371729
17-03-2011 21:00,92.83718
01-04-2012 2:00,45.82703
15-03-2012 17:00,699.52185
05-05-2012 10:00,445.33334
11-10-2012 14:00,289.34616
14-06-2012 05:00,36.228264
01-08-2011 5:00,21.022373
03-08-2011 3:00,5.625535
09-06-2011 6:00,101.25284
08-08-2011 17:00,525.1177
16-04-2011 22:00,41.67993
13-01-2011 05:00,4.7155404
07-04-2012 20:00,293.1585
06-08-2012 1:00,18.90195
08-07-2012 0:00,144.01624
04-11-2011 12:00,195.70251
08-04-2011 13:00,55.95577
13-02-2011 17:00,144.7096
01-08-2011 7:00,286.26404
10-06-2011 1:00,26.66081
11-03-2011 9:00,133.74489
12-06-2012 18:00,529.9206
15-05-2011 15:00,348.0125
01-10-2011 12:00,247.25673
08-01-2011 23:00,14.848659
12-06-2012 0:00,42.257698
07-04-2012 16:00,543.95306
01-05-2012 8:00,538.24664
14-09-2012 08:00,648.93353
01-05-2011 17:00,227.77823
04-11-2012 23:00,52.078487
13-01-2012 09:00,243.14195
06-01-2012 21:00,152.66153
15-07-2011 21:00,222.62302
13-05-2011 03:00,6.309308
11-12-2012 23:00,86.37191
09-06-2012 16:00,577.32916
16-02-2012 22:00,116.32237
10-12-2011 16:00,237.39761
10-07-2012 16:00,427.9054
02-10-2011 3:00,13.273962
04-08-2011 3:00,4.0230618
11-07-2011 15:00,160.6833
12-04-2012 20:00,278.79816
05-01-2012 3:00,3.564364
10-02-2011 20:00,69.48801
13-06-2012 13:00,264.47498
03-12-2011 6:00,11.898795
19-11-2011 07:00,28.680897
07-03-2011 6:00,34.3344
17-04-2012 08:00,615.685
13-10-2012 17:00,444.81372
11-05-2012 4:00,5.9531136
12-02-2011 7:00,14.95241
09-04-2012 5:00,25.975204
10-12-2011 9:00,134.33124
06-12-2011 21:00,102.22247
18-12-2012 00:00,22.479717
05-06-2011 5:00,8.478563
17-09-2011 11:00,311.3594
12-12-2012 5:00,34.86832
10-12-2011 20:00,119.05518
13-04-2012 10:00,213.96236
19-10-2011 02:00,6.4418745
19-02-2011 00:00,37.988358
07-03-2012 4:00,2.0384622
14-10-2011 16:00,346.93243
17-01-2012 21:00,166.29562
13-08-2012 02:00,9.771677
19-02-2011 06:00,7.2366543
03-08-2011 6:00,71.230225
15-04-2012 08:00,180.56313
08-02-2011 3:00,1.8183839
16-01-2011 10:00,76.69136
12-12-2012 21:00,163.04645
02-08-2012 9:00,325.9009
17-12-2012 05:00,35.24986
01-09-2011 2:00,10.283393
19-04-2012 00:00,28.924986
19-02-2011 18:00,103.13519
05-04-2011 16:00,133.12814
08-06-2011 18:00,462.38904
18-10-2011 18:00,508.2712
19-02-2012 23:00,33.807167
09-01-2011 10:00,62.391552
16-02-2011 01:00,4.9138136
13-12-2012 00:00,42.81369
01-06-2012 16:00,346.5905
18-03-2011 07:00,119.73669
16-12-2012 04:00,8.926952
05-05-2012 0:00,144.70451
16-08-2012 19:00,607.45123
06-08-2011 16:00,273.51385
02-04-2012 6:00,81.61248
13-01-2012 19:00,215.262
08-05-2011 19:00,273.71564
08-08-2011 15:00,176.87962
04-11-2011 4:00,5.70888
01-08-2012 22:00,246.34395
16-02-2012 06:00,88.079956
16-01-2012 04:00,2.215264
01-07-2012 3:00,35.091656
18-06-2011 23:00,143.71721
13-10-2011 06:00,52.634373
02-01-2011 0:00,32.840874
05-08-2011 0:00,60.95992
03-10-2012 15:00,292.8798
18-09-2012 09:00,291.17346
09-10-2012 19:00,477.45096
04-10-2012 9:00,325.2973
10-08-2011 16:00,282.39603
07-05-2012 5:00,34.672127
04-02-2012 5:00,3.691853
08-04-2012 4:00,12.5840845
02-07-2012 13:00,263.19296
06-12-2011 16:00,80.14138
03-10-2011 20:00,113.90424
01-03-2012 22:00,132.62746
10-05-2012 10:00,195.9485
02-09-2011 20:00,255.45462
01-09-2011 11:00,152.57071
05-02-2012 6:00,5.7432632
07-06-2011 21:00,214.47208
05-11-2011 22:00,95.80047
07-04-2011 14:00,137.14749
17-05-2012 02:00,12.4715
07-02-2012 14:00,164.14902
09-02-2012 0:00,17.30968
12-02-2011 9:00,45.312428
02-06-2011 23:00,125.37479
09-11-2011 14:00,173.71825
12-09-2012 10:00,219.55345
12-03-2012 6:00,96.27776
10-05-2012 3:00,5.679678
19-01-2012 00:00,13.896014
10-06-2012 22:00,168.44838
04-11-2011 20:00,168.71037
04-01-2012 13:00,78.98242
02-09-2011 5:00,19.251348
19-02-2011 16:00,148.4058
03-05-2012 18:00,792.651
15-12-2012 23:00,126.67108
01-05-2012 10:00,171.3037
05-06-2012 20:00,372.88858
01-01-2011 12:00,96.245255
14-06-2012 02:00,8.224487
01-07-2012 23:00,115.54422
11-06-2012 22:00,202.34
16-05-2012 18:00,802.0676
13-03-2011 00:00,38.503487
12-06-2012 0:00,42.0815
09-03-2012 14:00,225.97362
07-10-2011 0:00,43.308174
05-10-2011 21:00,177.8133
11-02-2011 5:00,6.7632184
13-10-2012 00:00,118.48692
07-11-2012 18:00,497.04504
02-01-2012 19:00,118.149025
03-12-2012 7:00,377.57196
05-08-2012 17:00,490.74292
14-03-2012 20:00,366.9837
06-12-2011 1:00,9.699034
05-11-2011 16:00,298.96384
09-07-2012 11:00,220.24496
03-03-2011 18:00,173.6402
08-05-2011 14:00,383.84946
04-09-2011 13:00,366.67078
05-06-2012 17:00,802.18976
07-11-2011 18:00,420.92114
02-03-2012 0:00,28.200478
02-10-2011 20:00,123.39441
13-03-2012 07:00,342.6745
12-06-2011 18:00,312.83206
13-04-2012 17:00,719.59424
14-07-2011 02:00,9.751749
11-12-2011 11:00,227.30843
04-04-2011 12:00,148.7361
16-03-2012 07:00,329.36673
16-05-2012 17:00,813.6708
05-04-2012 11:00,195.81444
11-11-2012 0:00,119.66336
02-09-2011 3:00,6.6775613
02-05-2012 13:00,205.74777
08-06-2012 16:00,509.3316
11-11-2012 2:00,65.38697
15-02-2012 12:00,173.41933
14-04-2012 04:00,8.228944
13-09-2011 23:00,83.16646
01-03-2011 12:00,85.6721
17-05-2011 03:00,3.2649336
19-09-2011 10:00,131.91077
15-05-2011 02:00,41.408337
02-11-2012 14:00,264.7204
06-03-2012 20:00,188.01215
08-08-2012 14:00,257.51767
06-03-2012 17:00,399.69833
11-01-2011 9:00,109.53585
01-11-2011 8:00,366.98843
19-11-2012 03:00,3.7048383
14-03-2012 06:00,125.18349
02-02-2012 20:00,174.18884
03-11-2011 0:00,29.99181
09-03-2011 4:00,2.023689
09-04-2011 3:00,6.025828
14-08-2012 06:00,97.38268
15-11-2012 00:00,39.58907
13-12-2012 01:00,14.632909
03-09-2012 2:00,27.357088
01-11-2011 2:00,5.3861523
01-04-2011 5:00,5.9112787
01-01-2012 21:00,86.20958
16-05-2012 15:00,274.36377
15-07-2011 05:00,23.552765
02-12-2011 5:00,12.687966
02-02-2012 12:00,163.13228
11-08-2011 4:00,5.66805
11-10-2012 19:00,459.01276
06-06-2011 2:00,8.391842
13-11-2011 01:00,64.291176
08-06-2011 12:00,160.13277
03-07-2012 11:00,217.77
17-01-2011 15:00,73.68025
16-04-2011 10:00,42.303432
15-04-2011 09:00,191.91689
07-05-2011 9:00,211.24542
10-12-2012 2:00,4.046173
09-09-2011 22:00,115.01382
01-06-2012 9:00,317.00037
18-05-2012 11:00,287.60614
05-12-2011 18:00,375.9973
09-04-2011 19:00,127.22432
05-08-2011 12:00,229.61874
14-08-2012 13:00,280.29404
15-06-2011 22:00,174.54741
08-07-2011 4:00,6.607327
15-10-2012 05:00,36.881084
14-01-2012 06:00,4.559436
08-02-2012 23:00,47.07752
13-07-2012 15:00,334.47998
17-10-2012 07:00,447.96527
02-07-2012 3:00,9.773236
17-11-2012 08:00,115.44706
18-11-2011 08:00,366.80212
14-10-2012 02:00,67.58387
14-01-2011 07:00,68.96291
15-12-2012 10:00,304.24075
18-12-2011 01:00,55.958076
16-02-2011 05:00,5.389674
04-08-2011 8:00,399.67886
19-07-2011 19:00,376.85724
08-11-2012 0:00,38.16994
13-10-2012 18:00,395.6263
04-05-2012 0:00,80.87727
16-06-2011 17:00,433.5675
11-10-2011 17:00,444.91937
12-10-2012 3:00,8.1914625
19-11-2011 17:00,277.85236
07-02-2011 5:00,6.0983467
05-05-2012 15:00,336.3596
19-05-2012 07:00,100.58292
11-04-2012 6:00,97.680084
09-03-2012 17:00,554.0205
09-11-2012 21:00,191.0195
05-06-2011 17:00,394.82825
15-03-2012 18:00,716.13696
07-07-2012 4:00,11.537814
03-05-2012 8:00,336.24313
11-09-2012 22:00,202.99767
03-01-2011 16:00,78.802414
12-03-2012 2:00,5.34896
14-05-2011 23:00,61.969627
11-05-2011 13:00,183.24127
08-10-2011 13:00,417.6998
13-09-2011 19:00,378.7319
11-05-2011 18:00,515.328
12-11-2011 11:00,255.46417
17-02-2012 07:00,219.1924
12-08-2012 10:00,422.82684
19-09-2011 00:00,35.62378
16-12-2011 23:00,73.43608
09-08-2012 18:00,781.27783
17-08-2011 19:00,378.95325
02-11-2011 4:00,4.6397624
01-11-2011 7:00,237.62064
13-08-2011 06:00,24.27057
02-12-2012 13:00,433.72855
01-10-2011 0:00,91.932304
09-09-2012 23:00,93.622635
02-04-2011 20:00,88.47962
19-06-2011 07:00,38.09012
16-07-2011 15:00,381.67133
15-10-2012 03:00,4.172932
16-08-2011 17:00,527.58777
18-11-2011 22:00,90.30921
15-08-2012 19:00,607.3842
05-01-2012 9:00,226.15552
06-06-2011 9:00,212.00563
07-07-2011 15:00,161.86852
16-07-2011 07:00,62.188175
04-11-2012 0:00,118.964134
02-08-2012 6:00,174.88641
01-01-2012 8:00,24.091848
09-11-2012 5:00,30.24759
04-09-2011 1:00,83.67253
17-01-2012 02:00,4.189747
18-11-2012 02:00,61.930157
03-05-2011 12:00,167.0398
02-03-2012 18:00,206.38275
11-09-2012 3:00,6.019859
06-06-2011 19:00,382.1985
06-08-2012 6:00,159.5211
04-04-2012 11:00,213.16371
19-03-2011 00:00,44.71301
01-04-2012 3:00,24.148252
19-04-2011 01:00,12.1684065
16-02-2011 15:00,101.74555
16-07-2012 22:00,218.46326
14-02-2012 04:00,2.3085482
13-12-2012 03:00,4.4772434
19-09-2011 22:00,137.50954
05-12-2011 7:00,220.97452
04-02-2012 18:00,115.691574
09-02-2011 23:00,19.29585
06-06-2011 6:00,102.24271
12-04-2012 22:00,167.26855
17-07-2011 19:00,311.31577
13-03-2012 16:00,360.56174
16-06-2012 18:00,489.0543
16-04-2011 13:00,49.134533
16-11-2012 21:00,193.62698
14-12-2012 03:00,7.033146
09-06-2012 13:00,590.11127
06-06-2011 15:00,180.77043
02-04-2012 21:00,221.32526
14-01-2011 20:00,60.24677
15-01-2012 03:00,14.7536335
03-09-2012 8:00,200.20882
04-08-2011 9:00,212.04657
10-07-2012 0:00,46.642284
12-08-2011 10:00,159.80763
02-02-2011 15:00,79.02183
08-04-2012 6:00,13.956548
02-05-2011 23:00,70.0662
15-06-2012 01:00,34.949646
15-09-2011 03:00,5.5925436
08-12-2012 2:00,53.434002
06-11-2011 14:00,325.00024
11-10-2012 23:00,138.80438
12-06-2012 17:00,397.2212
01-03-2011 20:00,84.41276
11-02-2012 9:00,70.53801
03-12-2011 15:00,275.76056
11-10-2012 9:00,362.97015
01-03-2011 10:00,59.601234
06-10-2011 11:00,152.84248
16-04-2012 10:00,325.751
11-06-2012 15:00,272.56946
05-03-2012 11:00,123.77812
08-07-2012 5:00,10.682333
13-05-2011 00:00,48.760715
13-08-2011 01:00,82.52099
09-06-2011 7:00,327.22168
07-11-2011 20:00,192.71019
19-03-2011 09:00,95.00037
14-11-2011 13:00,184.36879
11-12-2011 8:00,56.076233
18-11-2012 20:00,177.99142
13-02-2012 11:00,100.09351
18-04-2012 18:00,534.07367
08-08-2011 6:00,105.361015
03-07-2011 10:00,290.75232
18-08-2012 06:00,28.648306
13-03-2012 02:00,4.1781125
07-08-2012 18:00,787.39905
07-02-2011 22:00,45.3512
05-06-2012 22:00,197.7308
12-06-2011 11:00,342.50705
13-01-2012 11:00,113.306564
08-07-2012 22:00,139.38469
17-09-2011 23:00,107.05667
05-02-2012 4:00,7.902811
01-05-2011 19:00,181.37816
06-10-2012 14:00,588.0637
04-09-2012 16:00,425.2732
07-11-2012 1:00,12.770151
16-04-2011 14:00,85.548195
17-07-2012 17:00,657.8159
16-10-2012 21:00,264.7294
09-05-2011 15:00,184.45471
05-09-2011 9:00,190.11873
06-10-2012 12:00,641.81195
14-05-2012 07:00,143.08498
07-08-2012 12:00,277.37808
08-06-2012 23:00,198.00296
07-09-2011 21:00,84.35177
09-06-2012 13:00,564.6729
15-06-2012 23:00,195.23372
18-08-2012 19:00,450.04367
15-12-2012 08:00,99.36919
04-01-2012 14:00,70.99828
01-04-2012 7:00,70.24317
05-12-2011 8:00,340.44028
12-01-2011 8:00,177.09613
04-02-2012 19:00,94.47092
12-03-2011 2:00,16.858957
02-09-2011 5:00,19.132713
06-12-2011 22:00,67.37919
08-08-2011 21:00,204.0746
09-02-2011 20:00,47.440166
05-09-2012 3:00,6.921481
15-11-2012 22:00,147.2085
09-05-2012 4:00,3.3655572
01-03-2011 6:00,33.982292
08-02-2011 10:00,51.37169
09-02-2011 0:00,9.420323
07-05-2011 10:00,275.87024
01-11-2012 8:00,657.73364
19-03-2011 09:00,95.23333
06-02-2011 15:00,128.72237
16-02-2011 07:00,99.86595
06-10-2011 9:00,218.69464
14-08-2012 21:00,309.0077
16-02-2011 12:00,86.45428
07-05-2011 6:00,21.993656
05-08-2012 15:00,454.5701
18-07-2012 12:00,222.88443
15-04-2012 23:00,88.31312
09-08-2011 17:00,537.5395
09-06-2012 15:00,532.0016
11-04-2012 18:00,374.50912
09-09-2012 3:00,36.904175
10-09-2012 12:00,301.53625
15-09-2012 00:00,158.3763
15-11-2011 01:00,12.741162
18-02-2011 11:00,94.58781
04-07-2011 2:00,31.327862
02-07-2011 2:00,63.748573
16-06-2011 01:00,16.85988
02-11-2011 2:00,5.3584414
03-12-2012 5:00,32.87649
12-12-2011 0:00,20.349594
04-08-2012 4:00,10.716084
02-07-2012 2:00,10.841328
06-05-2012 23:00,92.40032
03-05-2012 10:00,178.79611
05-03-2012 6:00,84.94124
17-01-2011 20:00,36.105686
19-05-2011 15:00,166.03854
01-05-2011 13:00,331.32462
05-03-2011 0:00,28.004097
18-01-2012 18:00,277.67117
09-03-2011 20:00,78.7295
07-02-2012 18:00,470.52158
15-08-2012 01:00,23.342169
17-06-2012 13:00,575.30225
09-04-2012 16:00,385.96268
15-09-2012 05:00,13.491984
10-05-2011 14:00,172.05447
13-06-2012 08:00,612.3293
17-01-2012 15:00,158.08353
07-06-2011 13:00,175.28374
16-04-2011 04:00,4.2523346
11-09-2012 15:00,306.4189
02-04-2012 20:00,289.8088
09-07-2011 17:00,394.7071
19-07-2011 09:00,203.931
13-06-2012 02:00,9.529412
04-10-2011 8:00,385.06033
09-05-2011 13:00,184.72322
14-11-2012 13:00,243.6034
04-09-2011 3:00,25.792185
19-08-2012 08:00,154.31873
10-03-2012 12:00,301.5791
07-10-2011 6:00,105.38359
19-12-2011 10:00,97.9489
14-06-2011 21:00,208.31546
12-01-2012 12:00,132.0879
06-04-2011 22:00,99.2532
19-05-2012 00:00,140.8278
03-07-2012 3:00,6.450721
14-03-2011 19:00,147.14307
13-07-2012 13:00,323.6991
14-03-2011 14:00,88.17758
15-02-2012 09:00,242.2604
02-11-2012 13:00,292.27713
08-02-2012 22:00,93.434715
01-05-2011 18:00,205.77628
19-12-2011 20:00,190.45294
14-03-2011 09:00,125.97072
18-12-2011 03:00,14.78847
18-05-2012 00:00,81.03762
01-07-2011 16:00,320.43356
06-03-2012 6:00,86.88318
17-12-2012 22:00,108.88389
17-03-2012 21:00,221.96054
10-10-2011 19:00,279.64813
15-09-2012 04:00,10.793079
08-02-2012 3:00,2.588665
06-01-2012 15:00,251.35301
19-04-2012 08:00,639.1496
12-07-2012 4:00,7.4072876
19-04-2012 00:00,26.711552
02-04-2012 16:00,374.67676
16-02-2012 17:00,218.86389
19-08-2012 15:00,488.07758
02-05-2012 23:00,106.29606
07-03-2012 14:00,202.3939
17-02-2011 18:00,299.507
01-05-2011 16:00,322.16483
11-02-2012 5:00,3.9663854
13-07-2012 06:00,159.49301
09-02-2011 14:00,53.299393
19-08-2012 02:00,69.52227
14-08-2012 07:00,392.35852
15-01-2011 00:00,27.115442
02-07-2011 0:00,116.90648
04-04-2011 2:00,6.3327436
18-01-2012 08:00,407.086
15-11-2012 23:00,112.86272
13-07-2012 23:00,192.06146
17-07-2012 08:00,619.1144
08-10-2012 21:00,171.86174
19-05-2012 02:00,69.76676
11-01-2012 22:00,46.545376
18-03-2011 10:00,116.151535
19-09-2011 08:00,410.6887
02-05-2012 20:00,283.08984
10-07-2011 0:00,116.48069
06-04-2012 11:00,232.50838
13-10-2012 16:00,599.01666
01-06-2011 19:00,337.39215
02-11-2011 0:00,23.091837
17-12-2011 15:00,221.22499
04-07-2011 21:00,237.39453
03-11-2012 1:00,95.268486
06-12-2012 9:00,368.9729
13-10-2012 10:00,391.92303
18-02-2011 21:00,113.782074
08-04-2012 21:00,181.40173
16-10-2012 00:00,35.623325
13-10-2011 09:00,93.227264
04-10-2012 11:00,245.02005
09-12-2012 10:00,273.28787
18-08-2012 13:00,623.80817
13-02-2011 04:00,2.7660828
03-08-2011 12:00,158.5057
08-02-2012 9:00,240.99806
08-08-2012 17:00,774.3789
15-10-2011 06:00,19.022673
04-06-2011 7:00,65.84738
07-06-2011 5:00,21.479755
04-07-2011 10:00,260.76376
06-01-2012 0:00,20.655096
19-11-2011 03:00,5.3674436
08-04-2011 9:00,152.94888
07-10-2012 6:00,16.946333
07-05-2012 2:00,8.810257
03-06-2012 20:00,336.4397
02-02-2011 21:00,49.764496
17-05-2012 22:00,233.6546
14-03-2012 22:00,187.1759
02-09-2011 11:00,170.35106
17-10-2011 08:00,407.1987
17-09-2011 18:00,304.5566
06-12-2012 11:00,169.61687
17-04-2012 20:00,372.56494
05-06-2012 4:00,4.6433115
06-01-2011 16:00,81.089935
15-09-2012 02:00,75.74052
12-01-2012 1:00,6.062079
14-11-2011 12:00,183.01659
13-09-2012 21:00,313.70435
12-02-2012 2:00,21.787004
17-09-2012 15:00,278.11203
10-05-2011 8:00,424.5311
11-10-2011 7:00,274.74414
01-12-2012 8:00,104.833755
16-07-2012 06:00,160.60938
16-01-2012 14:00,163.26938
12-11-2012 11:00,365.7356
17-12-2011 14:00,246.35846
16-06-2011 10:00,131.25209
02-09-2011 23:00,127.092255
05-08-2012 11:00,454.47476
15-02-2012 06:00,89.69001
05-07-2012 22:00,240.4789
02-06-2011 11:00,149.20085
16-12-2011 21:00,127.26407
04-10-2011 13:00,179.62422
09-02-2011 13:00,63.601692
02-01-2011 12:00,84.53091
19-03-2011 01:00,33.132504
06-11-2012 16:00,331.83194
04-05-2012 10:00,220.01236
05-09-2011 17:00,228.51796
10-06-2011 12:00,223.71214
12-11-2012 23:00,82.82649
05-03-2012 19:00,270.1408
04-05-2011 3:00,2.8554406
09-08-2011 12:00,177.7734
07-06-2011 6:00,114.97472
08-05-2012 3:00,3.9000993
19-10-2012 20:00,276.8736
09-11-2011 9:00,185.86674
19-03-2012 03:00,4.027115
01-11-2012 6:00,154.011
08-07-2011 14:00,203.88156
07-08-2012 13:00,270.2004
05-12-2012 13:00,259.06836
09-02-2012 21:00,140.3531
02-05-2011 15:00,179.83148
05-08-2012 4:00,11.946251
18-12-2012 15:00,264.52017
15-04-2011 14:00,211.80756
19-02-2012 14:00,262.17853
18-07-2012 09:00,289.43866
11-07-2012 20:00,423.62143
19-11-2012 02:00,5.2788506
01-01-2012 2:00,47.512806
09-04-2011 4:00,2.9242733
01-03-2012 15:00,221.00204
16-05-2012 05:00,30.589924
06-12-2011 14:00,55.09543
14-02-2011 05:00,6.0089397
11-05-2011 7:00,277.85263
13-12-2011 22:00,90.312004
10-02-2011 23:00,27.546024
01-09-2012 12:00,553.0506
18-12-2011 14:00,246.41544
19-12-2011 11:00,106.72782
14-06-2012 03:00,5.9321046
03-07-2011 6:00,8.790627
03-02-2011 9:00,122.73827
19-06-2011 22:00,137.14755
10-12-2012 17:00,475.20718
09-08-2012 14:00,268.8954
13-08-2012 13:00,282.3752
12-03-2011 19:00,117.78013
19-09-2011 18:00,487.79337
12-09-2012 11:00,247.05202
14-10-2012 22:00,126.180855
10-03-2012 20:00,167.25195
17-02-2011 20:00,131.00845
08-07-2012 16:00,466.50116
11-07-2012 1:00,21.002739
15-05-2012 14:00,224.64145
09-07-2012 19:00,553.8961
17-11-2011 09:00,208.31667
13-03-2012 03:00,2.0433402
19-10-2012 02:00,10.27339
07-02-2011 9:00,121.78751
15-07-2012 17:00,473.89764
04-07-2011 21:00,237.50676
18-08-2012 10:00,453.1542
15-03-2011 23:00,28.539177
08-11-2011 8:00,372.64905
01-01-2011 18:00,25.767048
19-01-2012 02:00,4.983476
14-07-2011 22:00,179.28906
02-08-2012 18:00,803.2613
06-06-2011 11:00,149.83955
02-05-2011 4:00,7.3825865
01-02-2011 10:00,45.154648
02-07-2011 1:00,87.43332
08-12-2011 19:00,234.82173
17-09-2011 22:00,137.35442
11-05-2011 17:00,539.67847
07-12-2011 4:00,2.573051
16-12-2011 01:00,23.774597
10-06-2011 2:00,12.617433
04-12-2011 14:00,295.2087
19-04-2012 04:00,5.116474
11-10-2012 17:00,841.12067
15-04-2011 22:00,58.00282
10-06-2012 0:00,149.96909
01-08-2011 20:00,281.10077
03-02-2012 20:00,178.45033
11-07-2011 12:00,171.13313
16-08-2011 20:00,287.4215
02-04-2011 4:00,3.7919478
09-01-2012 13:00,112.229675
18-04-2012 15:00,101.30327
13-03-2011 07:00,23.669315
11-10-2011 5:00,20.884924
04-08-2011 18:00,449.19556
03-10-2011 22:00,97.58569
17-02-2012 04:00,2.747381
06-11-2011 17:00,288.79706
12-08-2011 22:00,173.04106
10-09-2011 20:00,264.03543
02-12-2012 1:00,96.5248
09-08-2012 12:00,289.143
10-10-2012 7:00,466.23727
18-11-2011 03:00,3.3615294
11-12-2012 14:00,223.06726
07-02-2012 17:00,446.67746
09-08-2012 4:00,7.3148746
11-07-2011 0:00,41.829502
07-08-2012 11:00,222.24959
02-01-2012 18:00,145.5296
18-01-2012 03:00,2.117488
08-09-2011 10:00,66.630516
14-07-2012 20:00,272.72318
12-01-2012 10:00,124.019264
05-09-2011 19:00,144.04736
07-11-2011 9:00,166.36934
06-12-2011 1:00,9.858623
06-06-2012 22:00,204.53824
12-03-2011 14:00,154.76707
17-08-2012 00:00,80.18441
01-07-2012 1:00,118.00747
09-01-2012 22:00,71.04736
01-02-2011 23:00,16.954067
14-03-2012 13:00,253.09065
11-05-2012 18:00,704.63983
11-11-2012 7:00,53.99324
15-11-2011 07:00,281.72372
04-07-2011 15:00,322.22754
12-09-2012 19:00,614.1959
09-12-2011 5:00,13.710285
18-10-2011 09:00,236.42198
02-07-2011 23:00,144.685
04-01-2011 21:00,46.87991
05-09-2011 18:00,242.56137
03-07-2011 23:00,89.57324
13-04-2011 05:00,7.8072357
15-01-2011 12:00,109.74789
13-09-2011 07:00,302.90186
19-10-2012 04:00,9.035674
18-11-2012 11:00,387.69492
07-01-2011 8:00,173.04704
17-07-2012 19:00,533.97723
12-12-2012 12:00,229.55936
15-11-2012 19:00,388.56738
19-12-2011 16:00,215.56342
12-12-2011 20:00,161.43195
05-06-2011 13:00,392.2081
02-09-2012 15:00,367.07178
12-06-2011 12:00,385.86343
02-09-2012 7:00,41.976307
17-08-2011 06:00,110.07626
19-08-2011 04:00,5.495496
03-01-2012 19:00,152.46808
07-09-2011 8:00,155.1281
16-09-2011 21:00,172.368
01-01-2012 4:00,6.568697
06-09-2012 1:00,22.403055
15-02-2011 12:00,77.16768
03-11-2012 16:00,402.8734
14-02-2012 19:00,268.83414
19-04-2011 06:00,85.600624
01-12-2012 13:00,391.10623
03-04-2012 3:00,3.6118503
17-06-2012 19:00,394.93585
12-01-2011 14:00,46.991478
14-12-2012 01:00,19.985216
10-08-2011 0:00,36.84066
16-11-2012 08:00,631.44305
10-01-2012 22:00,97.59745
01-04-2011 17:00,238.99498
14-06-2012 20:00,423.64996
06-01-2012 17:00,492.3734
18-05-2011 22:00,135.7162
02-03-2012 19:00,165.56221
12-12-2011 15:00,149.21346
11-05-2012 6:00,145.82265
07-07-2012 5:00,11.86007
06-03-2011 1:00,29.83553
01-02-2011 15:00,65.374344
06-04-2012 10:00,203.29749
05-09-2012 16:00,431.77774
07-12-2011 22:00,20.516575
01-11-2011 0:00,21.67753
16-11-2012 08:00,621.55035
14-11-2011 07:00,241.29135
14-09-2011 10:00,134.65039
09-11-2011 7:00,233.97438
02-12-2011 22:00,102.617584
06-02-2011 7:00,11.321243
10-09-2012 1:00,17.010218
05-09-2011 0:00,69.95713
07-07-2011 8:00,441.8154
01-12-2011 5:00,15.168419
08-02-2012 7:00,239.95612
01-09-2012 5:00,12.475099
09-11-2012 22:00,161.11105
19-04-2011 14:00,129.45557
09-04-2011 15:00,137.88618
08-01-2012 13:00,343.23657
13-10-2011 21:00,175.8647
18-10-2011 07:00,261.42163
17-03-2011 05:00,7.673669
01-12-2011 9:00,221.522
09-02-2011 13:00,64.799835
01-11-2011 13:00,175.84521
19-02-2012 06:00,6.3421345
04-04-2011 20:00,178.65009
09-07-2011 8:00,157.06102
06-07-2012 1:00,35.664597
08-09-2012 9:00,293.4337
18-01-2012 14:00,115.58941
10-01-2012 2:00,4.012699
15-06-2011 10:00,134.07303
07-09-2012 6:00,167.88992
10-09-2011 10:00,301.15924
17-12-2011 20:00,110.074936
15-11-2011 20:00,179.80449
08-03-2012 11:00,186.57657
04-09-2011 6:00,16.086535
16-10-2012 15:00,300.91397
01-07-2011 1:00,29.355825
03-11-2012 12:00,420.4916
15-04-2012 17:00,513.2356
09-10-2012 11:00,219.37106
04-03-2012 18:00,170.7351
01-12-2012 3:00,27.017338
06-10-2011 17:00,540.6962
19-03-2012 04:00,5.9322762
19-11-2011 12:00,305.19003
14-08-2012 18:00,783.74854
02-02-2012 23:00,65.89173
13-06-2012 20:00,424.47208
19-11-2012 16:00,354.40283
16-10-2011 12:00,391.10233
09-03-2012 8:00,493.57916
01-07-2011 18:00,478.55164
07-08-2012 5:00,38.845387
14-06-2011 17:00,498.53226
16-02-2011 12:00,89.37716
17-09-2012 17:00,821.0044
19-08-2011 19:00,237.97852
16-10-2012 19:00,495.51678
03-12-2012 4:00,6.396718
08-09-2011 20:00,131.23424
02-04-2012 20:00,270.6595
18-10-2012 22:00,172.65228
18-05-2011 16:00,267.77713
13-06-2011 20:00,295.41785
10-10-2011 5:00,14.42987
06-12-2011 0:00,27.082321
15-10-2011 03:00,18.171768
12-08-2012 22:00,168.11517
05-11-2012 9:00,342.85513
04-08-2011 11:00,144.86816
16-05-2012 10:00,209.56902
14-04-2012 11:00,487.92062
13-07-2012 23:00,188.90118
04-10-2012 10:00,178.11172
07-10-2012 18:00,182.59143
16-03-2011 13:00,88.87787
17-08-2011 18:00,522.40894
18-06-2011 04:00,9.8467
01-06-2012 20:00,108.99828
05-08-2011 6:00,107.34751
16-10-2011 02:00,56.324875
03-09-2012 17:00,586.3956
18-10-2011 16:00,307.83957
13-07-2011 13:00,151.49983
11-01-2012 5:00,15.082748
06-12-2011 4:00,3.3875747
10-02-2011 16:00,75.42406
19-07-2011 04:00,5.6108756
04-02-2011 8:00,198.93289
14-04-2012 01:00,70.34699
16-03-2011 11:00,68.60178
06-08-2011 19:00,187.43854
05-12-2012 9:00,319.2415
03-05-2011 0:00,28.0073
13-12-2012 21:00,185.88155
03-04-2011 20:00,66.759415
19-12-2012 17:00,570.344
13-07-2011 04:00,5.4727182
10-01-2011 9:00,98.64544
19-05-2012 04:00,13.033402
09-11-2011 6:00,101.33098
12-10-2012 16:00,467.80707
05-03-2011 4:00,3.6158643
05-03-2011 2:00,18.772003
09-02-2011 11:00,54.666904
05-03-2012 9:00,280.37854
03-02-2012 0:00,28.165606
08-08-2011 23:00,86.91948
14-04-2012 15:00,522.64484
07-01-2012 17:00,360.4895
06-03-2011 6:00,2.3797743
04-08-2012 21:00,266.09912
07-07-2011 16:00,282.3517
10-07-2012 10:00,196.14545
13-04-2011 12:00,45.841377
04-03-2011 14:00,96.484955
15-10-2012 19:00,283.58282
10-07-2011 2:00,66.19483
08-03-2011 13:00,91.024704
10-04-2012 11:00,209.46523
06-09-2011 17:00,272.307
09-01-2011 9:00,24.907026
15-08-2011 14:00,175.68742
01-03-2011 8:00,202.70586
11-01-2011 19:00,76.612274
18-09-2011 00:00,100.4751
08-11-2011 12:00,188.07831
03-10-2011 9:00,214.0298
06-12-2011 13:00,58.69972
18-02-2011 04:00,2.319006
13-10-2011 14:00,164.62772
17-09-2012 02:00,8.646431
15-04-2012 11:00,476.46136
02-03-2011 8:00,210.67265
15-10-2011 10:00,284.48953
04-08-2012 5:00,11.725501
06-09-2011 15:00,53.97596
12-03-2012 9:00,291.74118
11-06-2012 14:00,248.197
19-10-2011 00:00,31.807568
08-11-2012 19:00,398.9039
01-07-2011 5:00,24.141245
17-11-2012 10:00,335.11612
16-05-2011 02:00,7.786972
10-08-2012 12:00,321.2033
19-06-2012 18:00,762.1204
05-09-2011 3:00,13.448125
14-12-2011 04:00,4.3228736
02-08-2012 8:00,650.3004
05-03-2012 10:00,113.790665
04-01-2012 18:00,271.19125
17-07-2012 11:00,209.02902
05-08-2011 10:00,157.43552
12-12-2011 16:00,190.21591
16-01-2012 06:00,6.4870834
03-02-2012 23:00,68.8827
03-05-2011 2:00,7.7384844
04-06-2011 21:00,192.61737
19-10-2011 18:00,185.46355
16-08-2012 10:00,217.3241
01-01-2011 14:00,116.26801
14-12-2011 03:00,4.750869
17-01-2012 18:00,475.8375
19-11-2012 20:00,262.92853
19-10-2011 16:00,124.39653
16-04-2012 00:00,59.00664
06-06-2012 12:00,292.34412
11-11-2011 13:00,236.37036
11-03-2011 5:00,6.2399335
10-04-2011 7:00,22.3312
08-08-2012 21:00,312.58582
05-03-2011 18:00,186.24896
05-11-2011 6:00,12.492449
16-07-2011 20:00,282.1139
13-12-2012 00:00,42.462997
04-01-2012 9:00,160.23637
18-08-2011 11:00,148.35161
15-11-2012 22:00,146.4169
13-11-2012 14:00,230.85268
09-12-2011 21:00,132.38364
06-04-2012 3:00,7.723605
10-08-2012 16:00,488.1522
17-09-2011 04:00,6.604919
16-11-2011 21:00,62.933506
12-06-2011 19:00,273.7941
01-12-2011 7:00,186.8303
16-07-2011 09:00,229.44241
04-09-2011 23:00,89.9616
19-08-2011 12:00,223.707
15-10-2012 23:00,91.68249
05-07-2012 17:00,618.16833
15-08-2011 09:00,214.75214
14-01-2011 22:00,36.205345
15-12-2012 16:00,442.35416
01-04-2011 4:00,2.407428
14-08-2012 02:00,7.8098125
11-04-2012 1:00,7.303729
11-06-2012 8:00,613.19116
14-03-2011 07:00,108.712265
17-06-2012 22:00,168.67032
16-09-2011 02:00,9.208758
08-08-2011 19:00,368.30557
19-05-2012 21:00,281.77173
18-05-2012 12:00,361.70383
06-08-2012 22:00,209.2653
19-09-2012 17:00,880.96356
18-04-2012 07:00,376.07483
18-02-2012 00:00,67.90991
14-02-2011 19:00,134.30252
17-08-2012 15:00,342.70334
11-03-2011 16:00,105.79945
17-05-2011 22:00,107.891655
13-04-2011 06:00,23.926628
17-10-2011 10:00,137.2052
09-07-2012 10:00,153.23927
10-10-2012 20:00,363.79266
05-08-2012 22:00,145.04048
18-06-2011 22:00,172.03673
09-06-2012 11:00,537.5531
09-03-2011 12:00,77.76881
12-04-2012 19:00,415.87082
10-10-2011 20:00,255.9206
19-03-2011 13:00,249.60693
11-09-2011 15:00,360.08365
13-06-2012 15:00,284.8216
08-03-2012 20:00,316.3894
12-01-2011 23:00,13.958709
13-12-2011 03:00,2.9242485
05-08-2011 10:00,157.24585
08-05-2011 23:00,74.610916
08-12-2011 4:00,3.937511
13-07-2012 17:00,759.7237
09-10-2011 7:00,45.765934
17-10-2012 00:00,39.89116
05-07-2012 11:00,206.02824
07-09-2011 11:00,43.30003
10-02-2011 1:00,4.6489196
04-05-2012 16:00,492.78458
19-09-2011 23:00,75.65216
16-12-2011 10:00,119.608826
14-06-2011 07:00,276.37912
06-11-2011 9:00,133.29549
18-01-2012 17:00,286.76227
09-12-2012 19:00,146.15874
15-11-2011 18:00,440.3577
01-10-2011 12:00,233.24397
10-06-2011 20:00,276.33365
01-08-2011 9:00,202.48917
08-07-2012 6:00,21.461786
08-10-2012 18:00,446.50906
14-06-2011 23:00,79.89926
01-06-2011 0:00,38.62368
02-08-2012 20:00,418.0743
08-08-2011 9:00,204.89992
07-06-2012 12:00,294.06052
08-09-2012 22:00,171.04837
16-12-2011 15:00,158.78638
09-10-2011 8:00,92.03406
19-08-2012 11:00,259.67426
13-04-2011 17:00,278.2148
11-03-2012 13:00,421.68735
18-09-2012 02:00,4.5390058
05-11-2012 11:00,202.92229
17-05-2011 15:00,170.38718
11-06-2011 10:00,304.1588
18-06-2012 17:00,681.3871
13-06-2012 07:00,419.79678
04-05-2011 18:00,384.0088
14-07-2012 22:00,215.84944
07-08-2012 9:00,322.6495
03-12-2012 20:00,250.28218
17-07-2011 09:00,208.3495
05-01-2012 10:00,96.69665
01-09-2011 1:00,18.1688
03-08-2011 2:00,9.414971
02-05-2012 7:00,376.82697
07-02-2011 13:00,83.3965
10-02-2012 5:00,14.036655
06-07-2012 2:00,16.372301
17-04-2012 17:00,740.98975
06-10-2011 6:00,106.97195
01-07-2012 14:00,420.4056
04-09-2012 23:00,124.6934
15-02-2012 15:00,175.44528
07-09-2012 0:00,74.47223
13-07-2011 10:00,130.1362
10-06-2011 21:00,211.5379
19-01-2012 19:00,222.22458
08-05-2011 16:00,397.71408
19-12-2011 18:00,347.3179
13-08-2011 19:00,233.07582
10-05-2011 22:00,147.10352
14-08-2012 16:00,443.72177
04-09-2012 6:00,160.84782
01-08-2011 21:00,201.94226
03-12-2012 0:00,30.278118
18-10-2011 14:00,181.64769
19-09-2012 21:00,275.686
10-01-2012 13:00,165.79953
17-12-2012 23:00,61.15727
19-01-2012 22:00,91.979065
15-04-2011 21:00,73.774895
14-11-2012 18:00,547.3205
19-08-2012 06:00,20.840982
19-05-2012 16:00,623.4889
05-03-2012 5:00,16.376812
18-01-2011 13:00,37.52056
01-02-2012 6:00,78.48391
03-12-2012 16:00,459.79166
16-06-2012 11:00,549.7709
12-02-2012 15:00,151.9326
06-09-2012 6:00,166.40503
03-08-2012 5:00,32.655178
06-07-2012 15:00,269.13757
07-11-2011 8:00,341.40665
04-06-2012 14:00,263.07065
18-11-2012 08:00,108.375984
02-10-2012 18:00,438.74374
15-07-2011 20:00,285.4331
07-09-2012 17:00,786.99274
01-11-2011 21:00,135.6217
03-09-2012 13:00,457.79828
12-03-2012 1:00,8.2765875
17-10-2012 13:00,281.09283
15-07-2011 00:00,63.506943
09-04-2012 22:00,129.6326
10-06-2011 7:00,291.7144
15-02-2012 20:00,189.56255
15-10-2012 20:00,315.21927
08-08-2011 16:00,281.6299
03-09-2012 1:00,44.89838
01-12-2012 15:00,439.51752
08-08-2011 7:00,284.93896
06-10-2012 7:00,74.959816
17-02-2011 04:00,2.146998
07-11-2012 6:00,139.19545
09-06-2011 6:00,101.540375
07-12-2012 17:00,579.85297
18-08-2011 00:00,45.46756
18-09-2011 02:00,51.977814
19-04-2011 15:00,133.52583
03-10-2012 6:00,125.716805
07-01-2011 14:00,54.68756
11-08-2011 14:00,175.64708
10-09-2012 10:00,211.6987
04-02-2011 19:00,115.221176
10-12-2012 21:00,182.7425
02-07-2011 3:00,28.781937
18-05-2012 21:00,310.3457
02-07-2011 16:00,391.00586
16-06-2012 07:00,94.78153
05-02-2011 19:00,43.24509
02-11-2012 8:00,641.67163
19-07-2012 15:00,276.0677
11-07-2012 13:00,263.94534
09-01-2012 22:00,72.230606
02-02-2012 0:00,37.316128
11-04-2012 9:00,315.8869
19-04-2012 03:00,5.4664683
06-04-2012 20:00,280.02307
07-03-2011 4:00,1.2334054
06-03-2011 6:00,1.9339905
15-02-2012 21:00,156.22392
07-06-2012 7:00,446.35504
02-08-2011 16:00,276.56345
14-04-2012 06:00,16.35226
14-10-2011 15:00,233.63568
03-02-2011 8:00,199.7287
17-12-2011 02:00,37.701065
09-03-2012 10:00,151.42357
06-08-2012 13:00,279.79202
07-05-2012 6:00,153.33372
03-02-2011 14:00,57.617485
01-01-2012 10:00,128.75986
09-06-2011 22:00,171.05641
12-08-2012 11:00,513.30133
17-03-2011 01:00,6.704906
15-03-2011 10:00,66.453285
07-07-2012 10:00,330.1651
06-10-2011 8:00,400.36935
14-03-2011 10:00,68.76906
15-03-2012 23:00,114.43469
12-07-2011 9:00,207.06015
08-12-2011 18:00,319.78848
05-10-2012 5:00,39.01488
15-05-2012 23:00,61.336098
03-06-2011 14:00,224.17723
15-01-2012 16:00,176.70168
02-02-2012 4:00,4.169861
14-08-2011 17:00,380.28122
05-05-2012 12:00,594.6105
12-02-2012 16:00,147.48521
03-07-2011 4:00,9.687041
06-06-2011 16:00,295.99026
19-11-2011 06:00,12.202068
13-02-2012 05:00,15.652575
08-10-2012 10:00,316.04968
05-11-2012 5:00,36.235146
18-06-2011 20:00,270.99637
08-01-2011 18:00,57.25819
17-04-2012 11:00,220.13791
14-07-2011 00:00,44.881466
04-11-2012 8:00,104.94929
04-11-2012 18:00,285.26163
03-01-2012 7:00,175.16904
02-11-2012 19:00,366.9051
08-03-2012 4:00,3.816781
02-05-2012 16:00,425.43744
13-05-2012 04:00,11.2718
14-09-2012 01:00,36.434856
03-02-2011 19:00,124.12679
11-08-2012 9:00,268.48566
09-01-2011 7:00,6.56598
12-01-2011 5:00,5.1735334
17-05-2012 14:00,272.38742
17-08-2011 07:00,300.83984
19-01-2012 16:00,148.22675
16-11-2012 00:00,58.93069
01-12-2012 9:00,165.14925
10-05-2012 9:00,322.90347
15-05-2012 21:00,159.31847
04-11-2012 11:00,403.76413
14-10-2011 03:00,5.987067
09-07-2012 5:00,35.648655
02-06-2011 17:00,527.1484
06-07-2011 14:00,169.94472
15-10-2012 04:00,7.469569
12-08-2011 11:00,183.23854
17-04-2011 16:00,280.82355
08-01-2012 18:00,175.59949
17-01-2012 23:00,58.03794
10-11-2011 12:00,156.20302
17-06-2012 15:00,528.9882
04-05-2011 7:00,20.161877
12-02-2012 23:00,23.099937
05-05-2012 12:00,602.0361
19-04-2011 22:00,101.1316
17-05-2011 07:00,193.19379
05-02-2012 15:00,199.53354
18-04-2011 10:00,107.55483
15-10-2011 23:00,119.72833
13-11-2012 05:00,33.958473
01-11-2012 10:00,144.6436
08-09-2011 15:00,70.29282
11-02-2012 14:00,227.25726
04-11-2012 16:00,439.8672
04-08-2011 13:00,180.31612
05-11-2012 14:00,232.94972
02-11-2012 15:00,286.72342
03-04-2011 6:00,6.908909
11-07-2012 10:00,199.7803
05-09-2012 6:00,169.59978
16-09-2011 14:00,200.60468
10-11-2012 9:00,251.8465
10-05-2012 5:00,36.542774
19-03-2012 15:00,247.42097
06-08-2011 16:00,282.09146
16-04-2011 19:00,57.98414
14-11-2012 11:00,182.31718
08-04-2011 3:00,4.059564
04-05-2012 15:00,330.7613
09-10-2012 14:00,261.8261
02-05-2012 1:00,20.716074
07-07-2011 18:00,505.20782
07-05-2011 21:00,176.13773
14-02-2011 14:00,100.66088
12-02-2012 22:00,51.43112
09-03-2011 10:00,60.663383
12-07-2011 8:00,419.24255
01-04-2011 19:00,160.78171
10-11-2011 1:00,8.949218
14-07-2012 13:00,555.38806
14-09-2011 08:00,409.05493
11-07-2011 14:00,155.92351
19-04-2012 20:00,356.8209
10-06-2011 14:00,208.55154
15-07-2011 04:00,6.654238
08-06-2011 16:00,238.83173
11-01-2011 0:00,7.842326
09-09-2012 7:00,65.03674
18-05-2012 13:00,352.71555
16-12-2012 22:00,75.920135
02-10-2012 0:00,39.109776
01-10-2011 19:00,171.65868
12-06-2012 20:00,278.15555
12-02-2011 20:00,56.185013
09-03-2012 6:00,87.14309
15-05-2011 04:00,8.955684
12-02-2012 14:00,169.6246
16-09-2011 01:00,18.365421
01-03-2012 19:00,393.70737
16-07-2011 07:00,60.634956
03-11-2011 4:00,5.0096483
12-05-2011 8:00,472.47427
17-01-2011 21:00,23.544273
16-10-2012 14:00,282.63492
07-05-2012 12:00,253.86812
12-12-2012 19:00,374.99304
11-08-2012 16:00,573.7418
18-01-2012 05:00,13.6571455
11-12-2011 16:00,243.2627
15-05-2011 08:00,66.67539
05-04-2012 2:00,8.571825
05-08-2011 7:00,313.42206
17-04-2011 09:00,97.8568
07-12-2011 19:00,64.310295
07-11-2012 18:00,499.4833
15-07-2012 20:00,258.7807
05-09-2012 2:00,8.996601
11-12-2012 8:00,609.0511
09-07-2011 21:00,202.85706
07-12-2011 11:00,38.109154
01-11-2012 16:00,341.98087
17-03-2011 00:00,15.810333
11-08-2012 4:00,12.096844
02-01-2012 23:00,21.44388
08-07-2012 1:00,111.5358
16-03-2012 11:00,200.42548
19-12-2012 18:00,552.8247
19-08-2012 20:00,245.06136
17-03-2011 10:00,81.1195
04-03-2012 19:00,112.06005
08-08-2011 3:00,5.0913153
04-12-2011 16:00,294.81436
18-02-2012 11:00,240.62737
09-08-2012 10:00,204.87723
14-07-2011 06:00,115.27117
17-01-2012 09:00,97.552185
15-05-2012 16:00,421.34848
15-12-2011 12:00,152.14781
06-11-2011 23:00,52.28608
06-02-2012 22:00,103.94097
07-07-2012 9:00,273.33313
19-11-2011 20:00,158.79163
16-12-2011 10:00,126.56988
16-10-2012 05:00,38.887768
10-02-2012 13:00,161.3343
06-06-2012 8:00,646.42126
17-05-2012 01:00,22.792461
19-12-2012 03:00,4.882798
03-12-2011 10:00,221.15231
10-01-2011 21:00,41.21409
11-09-2011 4:00,8.217817
19-06-2012 20:00,402.62006
02-02-2011 22:00,39.615932
11-05-2011 14:00,172.83289
18-06-2011 15:00,358.02
05-06-2011 10:00,258.52182
08-02-2012 18:00,221.56392
15-07-2012 12:00,534.6465
04-11-2012 19:00,219.99002
02-08-2011 6:00,113.16248
02-11-2012 3:00,10.1255455
14-05-2011 14:00,197.46178
15-08-2011 18:00,518.90094
06-08-2011 17:00,274.6992
13-05-2012 16:00,576.62006
15-01-2011 15:00,103.57423
16-06-2011 05:00,24.118933
17-10-2012 22:00,170.21744
17-11-2011 08:00,241.68784
17-07-2011 16:00,385.80515
12-10-2011 15:00,71.10008
13-08-2011 14:00,356.6109
09-06-2012 4:00,13.127537
09-08-2011 21:00,211.59132
10-02-2011 4:00,1.7469847
10-04-2012 14:00,246.09262
03-06-2011 7:00,269.4264
12-11-2012 17:00,573.66455
06-10-2012 10:00,454.65265
16-11-2011 15:00,61.602253
04-06-2011 4:00,8.633764
13-06-2012 17:00,802.93463
08-05-2011 12:00,410.81906
05-06-2011 6:00,18.524496
06-12-2012 8:00,661.66473
01-02-2011 2:00,2.701097
13-09-2012 02:00,11.009944
01-10-2012 23:00,95.050095
06-10-2011 14:00,180.87915
14-06-2012 01:00,22.282705
02-01-2012 5:00,5.7545533
18-04-2012 16:00,260.64246
08-09-2012 17:00,266.552
03-04-2012 12:00,266.7971
01-10-2011 2:00,55.04821
13-04-2012 15:00,324.0439
09-03-2011 13:00,71.892914
10-05-2011 9:00,208.95432
04-04-2012 6:00,109.89421
15-02-2012 07:00,249.50563
09-01-2012 4:00,3.894064
03-03-2011 19:00,126.84543
02-06-2011 22:00,179.14032
10-01-2012 6:00,68.67391
16-09-2012 21:00,231.68622
17-01-2012 00:00,12.353471
18-10-2011 06:00,109.71536
19-10-2012 09:00,306.68274
16-02-2011 16:00,138.40863
07-04-2011 22:00,71.98919
19-07-2012 18:00,726.8268
10-03-2011 22:00,53.190742
07-10-2011 13:00,232.97751
06-11-2012 3:00,3.78331
02-11-2011 19:00,282.26944
15-03-2011 01:00,5.8681006
10-02-2012 1:00,14.908557
02-03-2012 5:00,22.09632
01-06-2011 2:00,8.605545
07-05-2012 10:00,168.74915
14-01-2011 05:00,4.770816
04-04-2012 0:00,32.158653
13-10-2011 22:00,147.53189
12-07-2011 20:00,297.73996
11-02-2012 22:00,59.8641
15-05-2012 19:00,562.2387
11-12-2011 17:00,222.21936
19-06-2012 12:00,275.32513
08-10-2012 20:00,189.13304
01-03-2011 23:00,18.271944
19-07-2012 14:00,246.20824
14-07-2012 17:00,319.27585
04-06-2011 19:00,319.10165
15-06-2012 00:00,81.43595
13-06-2012 11:00,217.95003
08-04-2012 16:00,545.31903
14-05-2012 10:00,80.840775
19-07-2011 05:00,24.14435
11-11-2012 19:00,280.52805
19-06-2012 07:00,412.37372
02-05-2012 14:00,245.38364
15-07-2012 10:00,409.0084
09-07-2012 8:00,586.38837
01-07-2011 14:00,222.76233
12-03-2012 16:00,360.79715
19-02-2011 04:00,2.1485045
12-12-2011 21:00,114.984726
16-08-2012 15:00,290.5575
18-12-2011 06:00,7.455673
12-12-2011 17:00,353.58627
01-02-2011 18:00,166.73598
08-02-2011 1:00,5.023614
18-07-2012 16:00,419.48007
08-06-2012 11:00,281.1496
10-06-2012 22:00,167.83525
02-07-2012 20:00,393.6001
04-05-2012 22:00,207.99971
09-08-2011 8:00,412.80267
13-12-2012 12:00,252.13445
02-06-2011 10:00,133.58057
04-11-2012 20:00,136.9723
03-12-2012 7:00,376.9549
03-12-2012 3:00,5.205628
13-05-2012 05:00,12.653743
11-04-2012 2:00,5.3268266
11-04-2012 5:00,22.013208
03-06-2012 14:00,569.25745
05-12-2011 14:00,156.79495
02-08-2012 12:00,289.8059
04-10-2011 7:00,242.72426
13-04-2012 03:00,6.754535
08-06-2012 13:00,348.36002
11-04-2011 20:00,194.52489
19-11-2012 18:00,551.7444
14-07-2012 22:00,217.90274
19-02-2011 21:00,44.137466
12-12-2011 12:00,148.97061
06-07-2011 0:00,37.597794
07-02-2012 16:00,232.59949
03-07-2011 12:00,391.6565
06-07-2011 10:00,95.21874
13-09-2011 04:00,3.768393
10-05-2012 0:00,44.94844
12-01-2012 0:00,10.112924
18-04-2011 22:00,102.45042
15-05-2011 10:00,230.1796
09-06-2011 4:00,5.0914307
07-01-2011 10:00,52.691845
17-09-2012 19:00,514.41174
12-03-2011 16:00,174.33107
13-02-2012 22:00,94.94225
12-06-2011 2:00,56.29083
16-07-2012 23:00,123.43125
11-11-2012 13:00,555.9882
13-04-2011 20:00,131.84906
07-03-2012 17:00,614.6179
07-07-2011 7:00,264.60184
05-03-2011 17:00,205.10806
19-04-2012 19:00,518.45514
12-06-2011 22:00,127.74281
10-11-2011 11:00,130.30933
04-06-2012 0:00,42.738396
06-12-2011 18:00,202.852
12-08-2011 21:00,212.01913
09-03-2012 22:00,115.4188
04-05-2012 8:00,632.6043
10-01-2011 3:00,2.234699
04-09-2011 17:00,375.7346
06-10-2012 3:00,25.933977
17-04-2012 09:00,304.12433
08-04-2012 10:00,370.21765
08-10-2011 18:00,380.10056
08-03-2011 7:00,109.032745
19-09-2012 05:00,45.90502
07-03-2011 16:00,92.66936
04-02-2012 11:00,230.27386
13-05-2011 08:00,391.16364
14-09-2011 21:00,203.55502
07-10-2012 10:00,361.6369
17-11-2012 03:00,18.986578
04-09-2011 7:00,37.26799
07-06-2012 8:00,694.58655
08-08-2011 2:00,7.1842394
03-07-2012 15:00,264.84766
04-08-2011 21:00,192.66585
03-04-2011 17:00,237.02016
01-10-2012 9:00,326.47507
05-08-2011 17:00,514.9869
14-08-2012 05:00,36.22665
05-12-2012 12:00,256.95752
03-05-2012 5:00,31.81485
18-02-2012 09:00,111.1524
05-09-2012 14:00,259.1419
07-12-2012 20:00,163.06992
17-11-2011 08:00,212.22005
07-02-2011 1:00,4.3058515
17-03-2011 19:00,174.35884
12-09-2011 22:00,131.61684
13-06-2011 16:00,294.85907
19-02-2011 14:00,164.81627
15-05-2011 12:00,336.60513
15-04-2012 15:00,508.3244
01-12-2012 22:00,135.09926
04-08-2011 12:00,182.96982
19-10-2012 15:00,360.4247
13-06-2011 13:00,187.62103
16-11-2011 20:00,72.26728
14-12-2012 21:00,171.55547
10-07-2012 17:00,782.115
03-01-2011 15:00,63.466263
15-06-2012 04:00,8.6881485
09-02-2011 10:00,52.99309
01-03-2011 22:00,41.82598
11-02-2011 6:00,30.737488
03-01-2012 4:00,2.5227513
01-03-2011 1:00,4.528806
03-10-2011 4:00,5.6044526
02-09-2011 15:00,219.57785
01-04-2012 6:00,10.79797
14-05-2012 17:00,283.52786
03-02-2012 13:00,192.8964
05-10-2012 0:00,80.468315
07-02-2012 13:00,176.53687
13-05-2012 18:00,430.2667
16-08-2012 14:00,275.97046
09-02-2012 23:00,66.97316
13-01-2011 06:00,28.639614
10-10-2011 9:00,218.23251
12-03-2012 19:00,453.20554
15-04-2011 15:00,216.01392
06-03-2011 3:00,8.870312
15-01-2011 03:00,8.27213
06-02-2011 3:00,11.452349
04-05-2012 4:00,7.452261
06-02-2012 20:00,180.57231
10-03-2012 16:00,329.2949
07-09-2011 5:00,15.031208
14-12-2012 05:00,28.322119
05-06-2011 22:00,130.59818
03-01-2011 14:00,59.66953
16-07-2011 01:00,85.534996
12-03-2011 9:00,63.28785
08-05-2011 7:00,36.74724
09-11-2012 8:00,643.6884
09-02-2012 2:00,5.022134
02-10-2011 16:00,135.54082
18-12-2011 09:00,104.370544
04-08-2012 20:00,361.97842
03-08-2012 23:00,188.71907
19-03-2012 08:00,606.16473
16-02-2012 14:00,66.5425
06-08-2011 10:00,284.17618
07-01-2011 13:00,60.143967
14-11-2012 19:00,391.54736
05-08-2011 5:00,21.051317
16-10-2012 16:00,465.36206
07-09-2012 11:00,278.7975
06-11-2011 7:00,25.502121
19-02-2011 23:00,33.2413
04-04-2011 9:00,169.02943
10-11-2011 4:00,4.5158362
16-10-2012 21:00,229.65173
09-05-2011 22:00,140.60541
02-02-2012 1:00,14.466761
09-05-2011 14:00,179.0111
11-09-2011 11:00,346.95685
04-01-2012 23:00,38.53071
18-06-2011 07:00,52.330627
18-03-2011 09:00,171.54863
12-09-2012 12:00,314.26355
16-07-2012 04:00,6.821124
05-05-2012 13:00,588.57117
14-11-2011 16:00,297.3751
11-06-2011 8:00,168.1171
14-12-2011 02:00,4.6826777
10-07-2011 20:00,262.1534
12-10-2012 9:00,372.6943
01-04-2011 7:00,69.519005
17-05-2011 14:00,154.07747
03-01-2012 20:00,56.040348
15-06-2011 09:00,215.51541
19-02-2012 00:00,63.323997
10-06-2012 9:00,266.32962
17-05-2012 21:00,299.92154
14-03-2012 09:00,321.4669
12-05-2012 17:00,538.1852
13-08-2011 08:00,146.89957
10-04-2011 1:00,31.985146
05-05-2011 1:00,8.483997
15-09-2011 04:00,4.9898376
12-05-2012 1:00,107.03148
07-12-2012 12:00,264.06717
10-11-2012 14:00,570.6661
14-01-2012 14:00,221.89336
07-07-2011 13:00,161.4493
18-01-2012 06:00,71.96097
19-08-2011 18:00,446.2789
14-04-2012 20:00,313.1709
08-10-2011 2:00,53.691616
01-07-2011 22:00,180.69113
11-12-2012 3:00,3.3715544
08-02-2012 16:00,91.84367
12-10-2012 4:00,9.199562
13-10-2011 07:00,117.86591
12-12-2011 13:00,147.34743
18-05-2011 17:00,509.86844
19-06-2012 15:00,270.73306
08-01-2012 16:00,284.95834
07-09-2011 0:00,16.009401
09-02-2011 7:00,103.8114
12-10-2012 18:00,601.5457
09-01-2011 22:00,8.033462
11-11-2011 2:00,15.754229
12-06-2011 8:00,113.13908
09-08-2012 7:00,424.91537
11-06-2012 23:00,115.52238
10-11-2012 6:00,18.771868
10-02-2012 22:00,112.50613
04-11-2012 10:00,334.60748
04-08-2012 13:00,524.195
07-01-2011 22:00,34.55965
08-10-2012 6:00,42.642773
14-12-2011 08:00,366.63416
14-06-2012 14:00,265.02646
15-06-2012 14:00,341.96024
01-08-2011 0:00,41.831547
16-07-2011 03:00,26.821478
02-07-2012 23:00,124.40311
13-04-2012 00:00,37.72011
12-05-2012 19:00,417.65128
09-05-2011 5:00,20.599167
06-01-2011 19:00,115.739105
03-10-2012 5:00,33.477654
17-07-2012 18:00,696.96747
12-01-2011 15:00,54.51356
01-04-2012 1:00,62.511852
02-06-2011 6:00,116.823524
10-12-2012 3:00,4.3721237
16-08-2011 00:00,34.677284
19-12-2012 01:00,13.869295
16-01-2012 18:00,157.20073
01-09-2012 13:00,543.4824
11-04-2012 12:00,220.04651
12-07-2011 9:00,207.23027
08-02-2011 14:00,57.43129
19-12-2011 07:00,181.86224
10-03-2011 16:00,28.984127
06-12-2011 2:00,5.556447
12-08-2011 5:00,22.17827
15-09-2011 17:00,153.41374
04-01-2011 16:00,83.76286
07-11-2011 11:00,130.20981
05-07-2011 0:00,37.086666
04-03-2011 5:00,7.175933
01-09-2012 11:00,497.0904
05-05-2011 17:00,502.07312
10-06-2012 10:00,417.88013
12-05-2011 6:00,108.395226
03-03-2012 20:00,203.92581
05-10-2012 15:00,390.98883
15-08-2011 19:00,368.0206
11-06-2012 3:00,6.283245
17-06-2012 13:00,571.72144
01-02-2011 15:00,63.138275
01-12-2012 1:00,98.675804
06-03-2012 12:00,153.33609
04-08-2011 23:00,121.23068
11-03-2012 17:00,448.55502
10-10-2012 9:00,340.51877
10-07-2011 19:00,299.9382
06-03-2012 18:00,402.7063
14-04-2012 05:00,10.008633
02-11-2012 17:00,605.3176
07-04-2012 19:00,364.58777
06-04-2012 23:00,120.93775
10-07-2012 8:00,611.7946
10-03-2011 10:00,17.084217
05-08-2012 19:00,258.1832
19-09-2012 20:00,379.54398
03-10-2012 4:00,6.3475785
03-11-2011 10:00,117.480095
10-02-2011 11:00,52.699104
01-06-2012 22:00,106.317245
15-02-2011 01:00,4.6349072
19-04-2012 15:00,273.71603
18-05-2012 07:00,433.56793
18-06-2012 06:00,81.30626
14-06-2011 18:00,522.1342
08-09-2012 18:00,252.06119
03-06-2012 0:00,143.08366
02-06-2012 23:00,178.30553
15-09-2012 22:00,222.74397
19-01-2012 09:00,228.09732
14-01-2011 16:00,82.386925
19-10-2012 21:00,239.81277
18-05-2012 10:00,245.56699
10-09-2011 2:00,40.617157
19-11-2012 15:00,257.66946
18-01-2012 01:00,11.200373
13-12-2012 10:00,167.60179
12-02-2012 16:00,173.4952
04-09-2012 0:00,37.869446
09-04-2011 21:00,49.396233
04-03-2011 13:00,101.85325
06-08-2012 10:00,202.3943
10-09-2012 11:00,245.14009
08-07-2012 21:00,214.08641
18-06-2011 23:00,147.99559
18-02-2012 10:00,190.72353
09-11-2011 11:00,142.4226
14-02-2011 08:00,185.1922
15-02-2012 10:00,123.476295
06-06-2012 15:00,288.67395
12-09-2012 23:00,140.0323
13-05-2012 15:00,520.88153
19-07-2011 18:00,502.62613
14-06-2012 18:00,811.7257
18-09-2011 19:00,252.75986
15-07-2011 08:00,409.4542
17-06-2011 04:00,5.768859
01-01-2011 2:00,19.654547
15-03-2012 21:00,239.86755
19-09-2011 01:00,16.189236
07-10-2012 0:00,129.65746
02-05-2011 11:00,140.36543
01-05-2012 21:00,291.07373
10-11-2012 12:00,561.49066
03-04-2011 13:00,210.06229
10-02-2011 14:00,53.646282
19-03-2012 05:00,19.772032
15-01-2011 04:00,4.059818
17-04-2012 17:00,739.56244
07-01-2011 7:00,79.36127
07-11-2012 23:00,69.80379
18-06-2011 10:00,304.2336
10-06-2012 20:00,332.66827
09-09-2012 15:00,569.2477
11-10-2011 17:00,435.09262
15-04-2012 12:00,567.87317
11-12-2011 15:00,244.95108
19-09-2011 12:00,182.50618
06-02-2012 5:00,14.785707
15-04-2012 02:00,58.82411
18-06-2012 11:00,159.46187
02-07-2012 6:00,157.50534
09-04-2011 7:00,20.701645
03-09-2012 23:00,93.38533
14-09-2011 02:00,5.365764
01-12-2011 19:00,259.75107
12-05-2011 0:00,29.355455
07-11-2012 2:00,5.1698093
10-10-2012 23:00,119.80193
15-10-2011 07:00,52.89298
10-07-2011 0:00,116.61768
12-04-2011 8:00,172.86116
04-05-2011 3:00,2.7972414
18-10-2011 05:00,20.638664
04-11-2012 22:00,71.326454
18-08-2011 10:00,132.66264
03-08-2011 13:00,175.22691
12-05-2011 21:00,178.36333
02-09-2011 6:00,106.32016
13-08-2012 21:00,292.8777
15-07-2012 10:00,406.32413
03-04-2011 17:00,200.5225
14-05-2012 14:00,218.60007
19-12-2012 11:00,203.12047
09-04-2011 12:00,179.36636
07-10-2012 21:00,120.508064
02-07-2011 13:00,388.97406
16-12-2012 03:00,27.862925
08-02-2012 5:00,13.337606
13-01-2011 10:00,43.763508
18-04-2012 05:00,31.11343
05-02-2012 12:00,242.1776
11-02-2011 23:00,31.585781
06-12-2011 11:00,54.519093
08-10-2012 3:00,8.55607
02-03-2012 22:00,105.285934
15-03-2011 04:00,2.0220368
13-04-2012 01:00,13.29641
09-09-2011 8:00,174.18776
03-12-2011 1:00,54.916767
09-04-2012 17:00,699.6695
08-12-2012 22:00,138.18625
13-12-2012 13:00,247.5461
16-12-2012 19:00,175.46901
16-02-2011 14:00,98.70352
10-11-2011 10:00,99.30938
16-01-2012 19:00,125.817024
09-09-2012 5:00,13.092282
19-01-2012 20:00,129.58284
12-10-2011 19:00,157.25076
19-08-2011 15:00,220.97675
18-01-2011 13:00,39.291443
06-07-2011 23:00,97.202
18-05-2011 09:00,154.1109
01-06-2012 21:00,136.37006
19-03-2012 01:00,13.286958
12-03-2011 20:00,90.14526
18-07-2011 12:00,188.27911
10-11-2011 1:00,11.663637
12-09-2012 7:00,433.42188
01-05-2012 16:00,422.28558
11-12-2011 17:00,226.06476
11-03-2011 20:00,80.36722
13-10-2011 10:00,52.835613
05-07-2012 19:00,517.35504
05-05-2011 14:00,167.16974
18-06-2012 10:00,89.249084
02-03-2011 18:00,224.38982
13-05-2011 10:00,130.75307
02-11-2011 8:00,386.0747
18-11-2012 04:00,8.694972
17-02-2011 13:00,121.13123
19-01-2012 22:00,90.16169
16-05-2012 13:00,284.16107
15-11-2011 10:00,126.74537
11-05-2012 1:00,35.25705
02-01-2012 20:00,102.005196
09-11-2012 9:00,356.47195
19-03-2012 19:00,511.201
03-12-2011 8:00,72.18222
03-10-2011 12:00,162.79648
11-11-2012 18:00,429.7599
07-11-2011 4:00,5.1371303
08-01-2011 14:00,85.030914
14-01-2012 21:00,88.47203
14-11-2011 20:00,263.26263
08-02-2012 19:00,180.05469
18-02-2012 01:00,58.281925
06-08-2011 19:00,183.18303
04-12-2011 11:00,228.39049
11-04-2011 17:00,403.37674
08-11-2012 9:00,356.2593
15-12-2012 17:00,350.9668
15-06-2011 21:00,223.32341
09-03-2012 4:00,3.6918273
03-05-2012 9:00,313.24744
14-04-2011 13:00,142.28056
01-10-2012 19:00,486.16504
04-08-2011 15:00,178.40303
14-02-2012 09:00,241.34624
16-11-2012 22:00,148.07085
01-04-2011 21:00,77.050575
03-12-2012 12:00,276.2843
15-05-2012 20:00,261.37308
17-09-2012 23:00,70.972404
18-06-2011 17:00,402.18878
09-09-2012 19:00,417.37848
14-11-2011 06:00,92.9543
16-08-2012 09:00,338.16415
04-08-2011 19:00,351.59604
06-09-2011 20:00,109.82337
12-04-2012 15:00,255.00977
07-01-2012 11:00,233.0092
10-03-2011 12:00,17.297554
15-12-2012 01:00,89.845825
07-12-2011 12:00,40.884506
10-04-2011 20:00,110.831024
14-02-2011 06:00,41.359146
08-03-2011 20:00,89.93819
13-09-2011 14:00,173.32562
07-02-2012 21:00,149.37894
14-05-2012 04:00,5.9222445
09-05-2011 0:00,35.557407
10-01-2011 6:00,29.834337
15-05-2012 10:00,176.34438
16-04-2012 14:00,405.28903
15-01-2012 14:00,185.93538
07-12-2012 3:00,6.4074373
09-05-2012 18:00,287.52783
05-03-2011 23:00,54.036472
17-09-2011 15:00,310.55093
16-03-2011 21:00,86.86298
15-11-2011 20:00,177.52737
10-06-2011 23:00,136.79373
13-01-2012 16:00,166.90468
11-06-2011 2:00,60.33187
19-10-2012 12:00,342.41977
08-10-2012 12:00,421.22946
06-11-2011 12:00,316.49295
07-12-2011 21:00,44.194508
08-10-2012 0:00,46.265217
16-08-2011 19:00,384.09433
17-11-2012 15:00,449.40686
13-02-2012 18:00,353.6346
10-12-2011 23:00,59.966896
16-01-2012 23:00,19.915916
10-11-2012 0:00,118.555084
08-10-2012 11:00,351.26767
16-08-2011 15:00,178.43484
09-08-2011 19:00,379.81354
10-05-2012 18:00,746.1356
16-02-2012 15:00,84.314575
04-12-2012 22:00,159.77565
12-05-2011 4:00,4.4348135
07-07-2012 5:00,12.353908
18-03-2012 11:00,342.58176
01-07-2012 16:00,426.85587
18-06-2012 03:00,5.2402425
10-07-2012 23:00,95.04405
02-02-2011 19:00,116.70964
07-12-2011 18:00,77.01474
14-03-2011 06:00,38.03504
18-09-2011 15:00,331.77655
17-03-2012 06:00,8.093858
06-10-2012 8:00,187.03346
10-11-2011 10:00,95.60265
08-06-2011 1:00,15.362579
14-07-2011 08:00,426.1599
01-08-2011 10:00,131.50755
18-12-2012 00:00,23.877605
09-02-2012 14:00,131.1758
03-04-2011 19:00,134.64987
03-06-2011 1:00,24.668554
15-09-2011 22:00,118.44061
01-01-2011 10:00,71.38648
13-03-2011 21:00,39.34376
05-03-2012 13:00,140.93085
14-11-2011 02:00,7.304307
02-09-2011 7:00,296.63702
13-08-2011 18:00,330.155
14-10-2011 07:00,163.63779
14-02-2012 02:00,4.867166
05-05-2011 8:00,370.2913
06-08-2012 5:00,36.355354
06-09-2012 0:00,55.275063
17-01-2011 10:00,60.86017
07-04-2012 17:00,505.6623
18-10-2012 18:00,746.0337
05-11-2011 14:00,304.9154
09-03-2012 7:00,315.80878
04-08-2012 12:00,539.9833
15-10-2012 08:00,669.7533
07-09-2011 9:00,110.40285
12-01-2011 13:00,59.036522
13-10-2011 16:00,279.65268
06-10-2012 16:00,643.284
09-09-2011 3:00,5.546895
15-09-2012 03:00,32.127457
07-04-2012 7:00,61.653347
02-04-2012 4:00,4.27155
01-06-2012 11:00,243.99338
11-12-2012 22:00,131.6379
04-11-2012 3:00,27.8887
19-04-2012 22:00,206.25206
14-08-2011 19:00,258.2334
12-11-2011 3:00,15.206305
15-09-2011 14:00,165.90726
01-07-2012 13:00,424.56906
11-11-2011 22:00,93.69711
12-11-2012 8:00,297.12436
06-12-2012 19:00,384.20673
15-07-2012 18:00,258.9744
05-05-2012 8:00,178.13213
04-06-2012 15:00,279.39102
13-01-2012 04:00,2.8996654
05-12-2012 13:00,260.4251
11-06-2011 1:00,85.09554
12-04-2012 3:00,4.0958996
10-09-2012 21:00,276.30957
18-05-2011 07:00,286.15585
02-03-2012 21:00,75.987144
16-01-2012 15:00,148.364
12-08-2011 13:00,226.44511
14-05-2012 13:00,235.27612
16-11-2011 20:00,69.32817
16-01-2012 04:00,2.2159967
17-02-2012 05:00,11.51546
08-01-2012 17:00,219.92427
14-08-2011 03:00,23.984682
19-04-2012 09:00,328.3131
17-07-2012 02:00,9.887945
11-11-2011 19:00,209.08832
17-09-2011 17:00,338.14328
05-12-2011 3:00,4.392765
01-02-2012 11:00,144.01506
05-07-2011 9:00,209.13751
06-11-2012 1:00,7.1299505
12-09-2012 16:00,485.25085
14-03-2012 07:00,402.96875
12-07-2011 19:00,379.70187
15-05-2011 05:00,6.6776657
16-06-2012 17:00,544.8368
03-04-2011 1:00,28.89019
11-09-2011 14:00,387.43146
06-05-2012 18:00,427.03403
02-10-2011 14:00,177.64966
01-06-2011 17:00,466.696
18-08-2012 04:00,10.225941
12-01-2012 22:00,117.358864
02-09-2011 2:00,14.067964
06-04-2012 0:00,35.417038
04-05-2011 8:00,72.06172
14-03-2011 07:00,114.71609
19-10-2011 08:00,330.36255
15-04-2011 19:00,150.50735
08-03-2012 13:00,213.62292
07-08-2012 2:00,8.423618
04-04-2011 3:00,3.3426323
02-12-2012 21:00,127.439285
08-05-2012 3:00,3.7526178
02-06-2012 2:00,63.77591
13-07-2011 08:00,416.21744
11-09-2012 8:00,660.1725
07-09-2012 0:00,75.429085
13-11-2011 17:00,359.2595
02-03-2011 3:00,3.0387573
03-02-2011 13:00,62.79884
13-03-2012 23:00,83.77652
03-05-2011 16:00,278.7524
13-10-2011 04:00,4.6360183
06-09-2011 5:00,21.064533
13-06-2012 09:00,294.93372
07-03-2011 21:00,58.67308
01-08-2011 7:00,290.51022
10-05-2012 21:00,258.6602
17-02-2011 06:00,45.696922
15-08-2011 21:00,207.38184
15-02-2011 00:00,10.574216
02-01-2012 22:00,52.891026
16-12-2012 01:00,83.52356
04-05-2012 7:00,398.1337
09-02-2012 4:00,2.3831007
10-09-2011 4:00,7.985712
17-09-2011 12:00,344.11356
19-11-2012 11:00,193.54218
16-05-2011 16:00,193.47957
03-05-2012 23:00,147.5401
03-03-2011 22:00,44.444458
17-03-2011 20:00,116.3146
13-08-2011 20:00,183.5865
04-02-2012 14:00,250.80357
11-09-2011 13:00,394.79465
02-06-2011 18:00,520.0242
09-12-2011 17:00,374.88766
03-01-2011 22:00,25.004827
06-03-2011 10:00,52.726368
12-07-2011 21:00,218.09395
13-08-2011 22:00,114.4931
17-06-2011 00:00,51.076683
15-10-2011 20:00,223.47504
10-05-2011 13:00,178.36308
05-02-2012 23:00,33.02409
16-06-2011 11:00,145.24982
19-06-2011 01:00,86.264984
15-04-2012 01:00,72.68969
04-02-2011 15:00,79.06576
10-01-2012 4:00,2.816758
04-12-2012 3:00,4.7194085
01-09-2011 19:00,381.3937
09-11-2011 22:00,104.453926
10-10-2012 0:00,40.29337
12-10-2012 22:00,173.21376
02-07-2011 21:00,203.39317
08-06-2011 23:00,100.66932
09-03-2011 16:00,90.39311
11-02-2012 1:00,47.459953
05-02-2011 17:00,58.839428
03-01-2011 0:00,10.000368
11-08-2011 13:00,186.45998
13-12-2011 14:00,155.38739
19-12-2011 19:00,247.52725
01-03-2011 3:00,3.6650023
16-08-2012 06:00,172.38123
14-10-2012 02:00,59.976494
04-05-2011 9:00,37.74672
09-09-2012 21:00,229.88908
09-05-2012 16:00,421.7313
06-08-2011 0:00,110.33434
08-09-2011 6:00,51.647587
17-09-2011 04:00,5.6494427
02-02-2011 20:00,67.043884
08-12-2011 13:00,140.22267
12-04-2012 11:00,199.93546
06-01-2012 3:00,4.537755
13-11-2011 18:00,317.1499
12-04-2012 16:00,364.93225
13-05-2011 23:00,58.411507
02-01-2011 4:00,2.4958034
11-01-2012 21:00,51.574635
02-10-2012 1:00,16.535147
03-08-2012 19:00,503.61914
15-09-2012 18:00,523.6931
12-05-2011 20:00,296.29858
19-04-2011 11:00,114.26792
11-03-2012 7:00,28.860252
07-11-2012 22:00,96.93382
11-05-2011 21:00,188.73816
17-03-2011 18:00,282.7146
11-02-2011 20:00,67.3463
09-02-2011 16:00,75.540794
07-10-2012 20:00,171.26485
09-01-2011 13:00,90.495926
13-04-2011 15:00,100.37682
13-06-2011 12:00,192.19675
07-06-2012 20:00,421.1862
05-01-2012 21:00,116.59934
05-09-2012 10:00,202.62885
15-05-2012 15:00,264.51157
17-08-2011 01:00,16.496805
03-08-2012 3:00,9.495425
19-05-2012 19:00,455.73096
02-01-2011 2:00,18.350025
16-01-2012 22:00,71.318726
01-09-2012 10:00,435.3339
16-06-2011 18:00,401.01294
10-10-2012 13:00,299.51373
13-01-2011 18:00,137.81924
10-02-2011 8:00,197.10306
10-05-2011 2:00,7.2266035
12-07-2011 7:00,296.1631
15-04-2012 20:00,313.57156
02-07-2011 22:00,174.13864
04-07-2012 11:00,410.68243
09-08-2011 2:00,7.670438
09-10-2012 13:00,259.07953
17-11-2012 20:00,230.78348
06-09-2012 5:00,37.177277
13-06-2011 04:00,5.096711
05-09-2012 1:00,20.773056
08-07-2011 13:00,204.77888
04-10-2012 19:00,614.80347
02-10-2011 6:00,12.5958395
18-06-2011 06:00,30.448414
19-11-2011 23:00,93.86311
09-04-2012 2:00,7.295183
07-01-2012 4:00,7.422824
01-05-2012 6:00,104.33307
19-03-2011 12:00,223.87442
06-04-2011 4:00,2.2825422
07-11-2012 12:00,211.37865
19-06-2012 08:00,633.89264
10-03-2011 5:00,3.6644611
12-03-2012 21:00,213.22989
16-04-2012 03:00,9.491478
17-12-2012 06:00,127.25496
16-12-2011 18:00,278.82138
16-10-2011 14:00,407.36105
12-09-2012 22:00,232.44025
15-03-2012 17:00,699.5696
07-04-2011 7:00,145.93365
11-11-2011 8:00,195.34557
09-08-2011 10:00,129.3201
09-07-2012 20:00,383.57834
03-06-2011 9:00,229.22408
12-01-2011 18:00,134.53801
14-01-2011 00:00,8.639497
14-08-2011 14:00,367.89355
08-05-2012 11:00,205.20735
09-11-2011 11:00,140.38512
03-12-2012 21:00,194.91135
10-08-2012 6:00,95.85879
01-08-2012 1:00,21.772102
09-06-2012 13:00,588.6719
14-09-2011 22:00,162.2772
04-07-2012 13:00,442.84195
01-11-2012 12:00,192.01599
01-10-2012 17:00,735.73456
14-02-2012 20:00,200.85863
13-01-2012 16:00,160.20186
05-08-2011 16:00,322.8153
16-05-2012 06:00,127.6093
05-04-2012 20:00,283.9743
10-10-2011 1:00,33.117264
07-03-2011 17:00,202.51848
02-09-2012 12:00,410.1153
08-07-2011 4:00,6.3423905
15-06-2012 09:00,351.0581
12-01-2011 7:00,82.201996
14-08-2012 23:00,128.6356
13-12-2012 17:00,559.04663
14-12-2011 09:00,214.98796
11-03-2012 21:00,128.57411
06-12-2011 9:00,147.44933
19-10-2012 23:00,146.97165
18-09-2011 09:00,178.68633
08-04-2012 22:00,118.354866
04-01-2012 21:00,95.123955
15-09-2011 11:00,149.5077
15-05-2012 13:00,153.61592
18-12-2012 22:00,134.8276
19-06-2012 23:00,123.3344
05-07-2011 12:00,187.57121
07-08-2012 9:00,320.4043
19-11-2012 22:00,133.63025
16-09-2012 16:00,604.8234
14-12-2011 16:00,204.8414
01-04-2011 22:00,63.00775
02-03-2012 2:00,8.354002
16-04-2011 23:00,65.53671
07-09-2012 21:00,300.3466
09-07-2012 23:00,115.839294
10-12-2011 0:00,66.29568
10-01-2011 3:00,1.9799337
13-10-2011 19:00,297.78897
05-01-2012 14:00,143.5439
02-08-2011 1:00,17.320986
16-03-2011 12:00,93.84231
04-06-2011 23:00,139.97003
15-11-2012 08:00,648.5394
18-10-2011 01:00,10.514434
03-10-2012 3:00,4.772688
14-12-2012 06:00,122.568405
14-09-2011 19:00,363.8019
08-07-2012 9:00,219.05888
02-03-2011 19:00,145.02231
19-08-2012 14:00,350.83575
16-03-2011 08:00,173.8164
06-12-2011 7:00,192.16736
05-01-2011 20:00,65.55518
11-11-2011 21:00,115.930756
14-11-2012 12:00,255.82446
03-12-2012 11:00,201.21864
19-03-2012 18:00,697.49915
19-10-2011 15:00,66.70993
15-09-2012 06:00,28.62992
05-04-2011 12:00,89.87316
05-10-2011 22:00,151.00478
14-03-2011 22:00,48.625523
17-05-2012 17:00,830.0585
16-03-2012 20:00,235.65971
07-06-2012 11:00,234.25734
07-09-2011 22:00,51.826447
08-01-2011 22:00,16.833134
17-04-2011 03:00,18.330765
18-05-2012 05:00,36.079987
17-12-2011 03:00,12.051533
01-10-2012 7:00,445.63397
02-12-2012 15:00,466.1707
19-12-2011 09:00,207.40648
07-01-2012 0:00,65.92811
16-12-2012 14:00,376.40652
06-10-2012 22:00,177.41777
13-02-2011 13:00,139.82498
08-11-2011 6:00,99.318375
19-06-2011 17:00,401.00162
01-10-2012 7:00,443.0746
07-08-2011 20:00,178.64914
10-11-2011 23:00,74.17652
03-07-2011 18:00,248.46796
19-05-2012 16:00,623.4463
17-11-2012 12:00,496.18988
07-09-2012 22:00,246.93413
16-04-2012 01:00,29.679794
17-12-2012 10:00,160.35889
03-08-2012 13:00,315.4054
04-02-2012 12:00,259.33786
16-01-2012 04:00,2.2619257
10-08-2011 3:00,5.574557
05-12-2011 0:00,23.637753
01-02-2012 19:00,412.94476
08-02-2011 16:00,76.28548
06-10-2012 0:00,149.6886
17-12-2011 23:00,57.180016
05-08-2012 14:00,454.10458
17-06-2012 07:00,67.68313
05-07-2011 17:00,533.0772
08-06-2011 8:00,425.8482
10-11-2011 5:00,17.669382
13-06-2012 14:00,254.60712
04-08-2012 15:00,500.59784
05-09-2012 17:00,805.40027
03-06-2011 11:00,183.88654
12-09-2011 0:00,30.826424
10-08-2012 17:00,781.21893
03-07-2011 20:00,155.21054
19-04-2012 08:00,639.11115
12-07-2012 7:00,424.92047
05-03-2012 0:00,14.59306
14-09-2012 20:00,411.57324
05-01-2012 4:00,3.223823
02-04-2012 17:00,677.52985
11-04-2011 4:00,3.2002296
04-09-2012 10:00,192.17795
13-08-2012 14:00,271.6229
15-01-2012 15:00,179.03539
16-10-2011 10:00,281.10132
17-12-2012 13:00,196.8659
02-01-2011 17:00,62.296288
10-10-2012 1:00,16.3497
13-09-2012 07:00,462.98227
03-06-2012 16:00,578.70245
07-12-2012 18:00,508.2394
06-04-2012 19:00,416.40387
12-11-2011 15:00,348.43347
06-10-2011 4:00,5.777816
09-10-2012 23:00,90.72194
12-04-2012 17:00,684.5046
15-04-2011 13:00,222.79904
10-09-2011 3:00,25.53345
17-04-2012 14:00,250.75844
18-07-2012 07:00,397.0938
08-03-2011 16:00,116.46254
03-01-2012 7:00,175.72458
02-10-2012 23:00,115.22589
15-01-2011 07:00,11.115518
10-02-2012 11:00,129.93088
17-03-2011 10:00,85.086845
11-01-2011 17:00,123.67077
03-04-2011 8:00,64.30982
08-09-2011 4:00,4.4197273
02-02-2012 17:00,430.50613
11-10-2011 3:00,4.020657
06-08-2011 20:00,160.69048
05-02-2011 0:00,29.632929
09-06-2012 10:00,450.20886
18-07-2011 13:00,171.41983
15-04-2011 21:00,72.363
14-05-2011 13:00,148.14038
11-05-2011 20:00,263.12567
13-11-2011 03:00,23.215418
07-10-2012 14:00,453.7072
14-04-2012 09:00,284.1656
17-01-2012 19:00,289.11646
01-08-2011 11:00,145.81459
11-02-2011 12:00,79.971466
02-08-2012 5:00,38.605896
10-12-2011 2:00,44.814667
05-01-2011 19:00,117.76365
01-06-2011 10:00,121.57124
18-04-2011 15:00,141.01418
15-03-2011 22:00,48.701965
12-06-2012 15:00,94.5185
04-04-2011 0:00,17.077953
08-02-2011 3:00,1.5894947
14-06-2012 15:00,284.84286
14-07-2011 10:00,135.80913
16-02-2011 09:00,128.33467
12-07-2012 18:00,795.3668
08-09-2012 0:00,156.56241
09-11-2011 4:00,4.308805
18-09-2011 20:00,201.64674
03-10-2012 20:00,453.15964
11-04-2011 10:00,79.56365
17-03-2012 04:00,11.274536
12-07-2012 3:00,7.655821
10-12-2012 10:00,148.13875
10-11-2011 19:00,253.98213
08-09-2012 3:00,31.19347
08-09-2011 3:00,3.1373482
15-06-2011 15:00,184.49585
04-06-2011 13:00,407.82553
06-05-2011 12:00,215.99881
16-10-2011 09:00,194.32742
18-06-2011 11:00,365.22253
15-05-2011 13:00,330.45563
05-01-2012 11:00,122.78436
05-08-2011 3:00,7.8126717
05-12-2012 10:00,183.36597
02-03-2012 20:00,169.46399
09-11-2012 17:00,649.4993
15-03-2011 02:00,3.9896216
07-06-2012 21:00,311.88397
09-06-2012 22:00,236.79395
01-04-2011 12:00,114.75449
17-06-2012 02:00,74.350945
18-03-2012 11:00,350.2832
03-01-2011 7:00,77.046555
03-06-2012 22:00,152.40918
04-05-2011 11:00,99.112175
03-06-2012 10:00,423.4534
10-07-2011 5:00,9.150946
12-04-2011 2:00,6.249022
01-08-2012 0:00,51.318375
03-04-2012 2:00,5.4438643
03-05-2011 8:00,387.96747
17-05-2011 13:00,100.66874
19-11-2011 01:00,51.22357
14-02-2011 11:00,100.302505
05-06-2011 16:00,396.65005
01-11-2011 6:00,102.26659
09-06-2011 2:00,6.971
04-01-2012 18:00,269.98505
09-05-2011 5:00,17.48083
06-11-2012 4:00,4.5258946
04-12-2012 7:00,430.0981
12-01-2012 21:00,171.48776
18-04-2012 14:00,101.90544
12-12-2012 22:00,134.5315
01-08-2012 14:00,267.0163
08-06-2012 20:00,395.26468
05-09-2011 5:00,11.57415
12-03-2012 15:00,244.4624
11-11-2011 3:00,5.298193
16-02-2012 00:00,19.594984
11-12-2012 0:00,23.89923
06-05-2011 11:00,165.86484
18-08-2012 09:00,320.4837
13-09-2012 09:00,343.82486
16-09-2012 05:00,12.994278
03-01-2012 18:00,210.731
03-04-2011 10:00,143.96812
19-10-2011 17:00,228.88104
07-08-2011 11:00,313.0226
09-12-2011 2:00,6.9497986
15-09-2011 02:00,9.082094
15-09-2012 23:00,184.44879
07-03-2011 15:00,81.946014
16-11-2011 15:00,61.569393
02-02-2012 11:00,76.490166
09-10-2011 9:00,175.23381
07-11-2012 5:00,33.48672
16-12-2011 05:00,18.557869
14-01-2011 23:00,28.061958
19-02-2011 09:00,67.4382
17-03-2012 05:00,6.9797735
